
INSERT INTO match (matchId, kickoff) VALUES
  (1, '2022-11-20 19:00:00+00'),
  (2, '2022-11-21 13:00:00+00'),
  (3, '2022-11-21 16:00:00+00'),
  (4, '2022-11-21 19:00:00+00'),
  (5, '2022-11-22 10:00:00+00'),
  (6, '2022-11-22 13:00:00+00'),
  (7, '2022-11-22 16:00:00+00'),
  (8, '2022-11-22 19:00:00+00'),
  (9, '2022-11-23 10:00:00+00'),
  (10, '2022-11-23 13:00:00+00'),
  (11, '2022-11-23 16:00:00+00'),
  (12, '2022-11-23 19:00:00+00'),
  (13, '2022-11-24 10:00:00+00'),
  (14, '2022-11-24 13:00:00+00'),
  (15, '2022-11-24 16:00:00+00'),
  (16, '2022-11-24 19:00:00+00'),
  (17, '2022-11-25 10:00:00+00'),
  (18, '2022-11-25 13:00:00+00'),
  (19, '2022-11-25 16:00:00+00'),
  (20, '2022-11-25 19:00:00+00'),
  (21, '2022-11-26 10:00:00+00'),
  (22, '2022-11-26 13:00:00+00'),
  (23, '2022-11-26 16:00:00+00'),
  (24, '2022-11-26 19:00:00+00'),
  (25, '2022-11-27 10:00:00+00'),
  (26, '2022-11-27 13:00:00+00'),
  (27, '2022-11-27 16:00:00+00'),
  (28, '2022-11-27 19:00:00+00'),
  (29, '2022-11-28 10:00:00+00'),
  (30, '2022-11-28 13:00:00+00'),
  (31, '2022-11-28 16:00:00+00'),
  (32, '2022-11-28 19:00:00+00'),
  (33, '2022-11-29 15:00:00+00'),
  (34, '2022-11-29 15:00:00+00'),
  (35, '2022-11-29 19:00:00+00'),
  (36, '2022-11-29 19:00:00+00'),
  (37, '2022-11-30 15:00:00+00'),
  (38, '2022-11-30 15:00:00+00'),
  (39, '2022-11-30 19:00:00+00'),
  (40, '2022-11-30 19:00:00+00'),
  (41, '2022-12-01 15:00:00+00'),
  (42, '2022-12-01 15:00:00+00'),
  (43, '2022-12-01 19:00:00+00'),
  (44, '2022-12-01 19:00:00+00'),
  (45, '2022-12-02 15:00:00+00'),
  (46, '2022-12-02 15:00:00+00'),
  (47, '2022-12-02 19:00:00+00'),
  (48, '2022-12-02 19:00:00+00'),
  -- Round of 16
  (49, '2022-12-03 15:00:00+00'),
  (50, '2022-12-03 19:00:00+00'),
  (51, '2022-12-04 15:00:00+00'),
  (52, '2022-12-04 19:00:00+00'),
  (53, '2022-12-05 15:00:00+00'),
  (54, '2022-12-05 19:00:00+00'),
  (55, '2022-12-06 15:00:00+00'),
  (56, '2022-12-06 19:00:00+00'),
  -- Quarter-finals
  (57, '2022-12-09 15:00:00+00'),
  (58, '2022-12-09 19:00:00+00'),
  (59, '2022-12-10 15:00:00+00'),
  (60, '2022-12-10 15:00:00+00'),
  -- Semi-finals
  (61, '2022-12-13 19:00:00+00'),
  (62, '2022-12-14 19:00:00+00'),
  -- Third place
  (63, '2022-12-17 15:00:00+00'),
  --Final
  (64, '2022-12-18 15:00:00+00');

INSERT INTO team (id, name, code, appearances, titles, fifaRanking, confederation, groupId) VALUES
  -- Africa
  (1, 'CAMEROON', 'cmr', 8 , 0, 43, 'AFRICA', 'G'),
  (2, 'GHANA', 'gha', 4 , 0, 61, 'AFRICA', 'H'),
  (3, 'MOROCCO', 'mar', 6 , 0, 22, 'AFRICA','F'),
  (4, 'SENEGAL', 'sen', 3 , 0, 18, 'AFRICA', 'A'),
  (5, 'TUNISIA', 'tun', 6 , 0, 30, 'AFRICA', 'D'),
  --Asia
  (6, 'AUSTRALIA', 'aus', 6 , 0, 38, 'ASIA', 'D'),
  (7, 'IRAN', 'irn', 6 , 0, 20, 'ASIA','B'),
  (8, 'JAPAN', 'jpn', 7 , 0, 24, 'ASIA', 'E'),
  (9, 'QATAR', 'qat', 1 , 0, 50, 'ASIA', 'A'),
  (10, 'SAUDI ARABIA', 'ksa', 6 , 0, 51, 'ASIA', 'C'),
  (11, 'SOUTH KOREA', 'kor', 11 , 0, 28, 'ASIA', 'H'),
  -- Europe
  (12, 'BELGIUM', 'bel', 14 , 0, 2, 'EUROPE', 'F'),
  (13, 'CROATIA', 'cro', 6 , 0, 12, 'EUROPE', 'F'),
  (14, 'DENMARK', 'den', 6 , 0, 10, 'EUROPE', 'D'),
  (15, 'ENGLAND', 'eng', 16 , 1, 5, 'EUROPE', 'B'),
  (16, 'FRANCE', 'fra', 16 , 2, 4, 'EUROPE', 'D'),
  (17, 'GERMANY', 'ger', 20 , 4, 11, 'EUROPE', 'E'),
  (18, 'NETHERLANDS', 'ned', 11 , 4, 8, 'EUROPE', 'A'),
  (19, 'POLAND', 'pol', 9 , 0, 26, 'EUROPE', 'C'),
  (20, 'PORTUGAL', 'por', 8 , 0, 9, 'EUROPE','H'),
  (21, 'SERBIA', 'srb', 13 , 0, 21, 'EUROPE', 'G'),
  (22, 'SPAIN', 'esp', 16 , 1, 7, 'EUROPE','E'),
  (23, 'SWITZERLAND', 'sui', 12 , 0, 15, 'EUROPE', 'G'),
  (24, 'WALES', 'wal', 2 , 0, 19, 'EUROPE', 'B'),
  -- North, Central America and Caribbean
  (25, 'CANADA', 'can', 2 , 0, 41, 'NORTH_CENTRAL_AMERICA_AND_CARIBBEAN', 'F'),
  (26, 'COSTA RICA', 'crc', 6 , 0, 31, 'NORTH_CENTRAL_AMERICA_AND_CARIBBEAN', 'E'),
  (27, 'MEXICO', 'mex', 17 , 0, 13, 'NORTH_CENTRAL_AMERICA_AND_CARIBBEAN', 'C'),
  (28, 'UNITED STATES', 'usa', 11 , 0, 16, 'NORTH_CENTRAL_AMERICA_AND_CARIBBEAN', 'B'),
  -- South America
  (29, 'ARGENTINA', 'arg', 18 , 2, 3, 'SOUTH_AMERICA', 'C'),
  (30, 'BRAZIL', 'bra', 22 , 5, 1, 'SOUTH_AMERICA', 'G'),
  (31, 'ECUADOR', 'ecu', 4 , 0, 44, 'SOUTH_AMERICA', 'A'),
  (32, 'URUGUAY', 'uru', 14 , 2, 14, 'SOUTH_AMERICA', 'H');


INSERT INTO group_match (matchId, homeTeam, awayTeam, groupId) VALUES
  (1, 9, 31, 'A'),
  (2, 15, 7, 'B'),
  (3, 4, 18, 'A'),
  (4, 28, 24, 'B'),
  (5, 29, 10, 'C'),
  (6, 14, 5, 'D'),
  (7, 27, 19, 'C'),
  (8, 16, 6, 'D'),
  (9, 3, 13, 'F'),
  (10, 17, 8, 'E'),
  (11, 22, 26, 'E'),
  (12, 12, 25, 'F'),
  (13, 23, 1, 'G'),
  (14, 32, 11, 'H'),
  (15, 20, 2, 'H'),
  (16, 30, 21, 'G'),
  (17, 24, 7, 'B'),
  (18, 9, 4, 'A'),
  (19, 18, 31, 'A'),
  (20, 12, 28, 'B'),
  (21, 5, 6, 'D'),
  (22, 19, 10, 'C'),
  (23, 16, 14, 'D'),
  (24, 29, 27, 'C'),
  (25, 8, 26, 'E'),
  (26, 12, 3, 'F'),
  (27, 13, 25, 'F'),
  (28, 22, 17, 'E'),
  (29, 1, 21, 'G'),
  (30, 11, 2, 'H'),
  (31, 30, 23, 'G'),
  (32, 20, 32, 'H'),
  (33, 18, 9, 'A'),
  (34, 31, 4, 'A'),
  (35, 24, 15, 'B'),
  (36, 7, 28, 'B'),
  (37, 6, 14, 'D'),
  (38, 5, 16, 'D'),
  (39, 19, 29, 'C'),
  (40, 10, 27, 'C'),
  (41, 13, 12, 'F'),
  (42, 24, 3, 'F'),
  (43, 26, 17, 'E'),
  (44, 8, 22, 'E'),
  (45, 11, 20, 'H'),
  (46, 2, 32, 'H'),
  (47, 21, 23, 'G'),
  (48, 1, 30, 'G');

INSERT INTO knockout_match(matchId, matchCode, stageId, homeTeamCode, awayTeamCode) VALUES
  (49, 'ROS1', 'ROUND_OF_16', 'WINNER_GROUP_A', 'RUNNER_UP_GROUP_B'),
  (50, 'ROS2', 'ROUND_OF_16', 'WINNER_GROUP_C', 'RUNNER_UP_GROUP_D'),
  (51, 'ROS3', 'ROUND_OF_16', 'WINNER_GROUP_D', 'RUNNER_UP_GROUP_C'),
  (52, 'ROS4', 'ROUND_OF_16', 'WINNER_GROUP_B', 'RUNNER_UP_GROUP_A'),
  (53, 'ROS5', 'ROUND_OF_16', 'WINNER_GROUP_E', 'RUNNER_UP_GROUP_F'),
  (54, 'ROS6', 'ROUND_OF_16', 'WINNER_GROUP_G', 'RUNNER_UP_GROUP_H'),
  (55, 'ROS7', 'ROUND_OF_16', 'WINNER_GROUP_F', 'RUNNER_UP_GROUP_E'),
  (56, 'ROS8', 'ROUND_OF_16', 'WINNER_GROUP_H', 'RUNNER_UP_GROUP_G'),
  (57, 'QF1', 'QUARTER_FINAL','WINNER_ROS1','WINNER_ROS2'),
  (58, 'QF2', 'QUARTER_FINAL','WINNER_ROS5','WINNER_ROS6'),
  (59, 'QF3', 'QUARTER_FINAL','WINNER_ROS3','WINNER_ROS4'),
  (60, 'QF4', 'QUARTER_FINAL','WINNER_ROS7','WINNER_ROS8'),
  (61, 'SF1', 'SEMI_FINAL','WINNER_QF1','WINNER_QF2'),
  (62, 'SF2', 'SEMI_FINAL', 'WINNER_QF3','WINNER_QF4'),
  (63, 'TP', 'THIRD_PLACE','LOSER_SF1','LOSER_SF2'),
  (64, 'F', 'FINAL', 'WINNER_SF1','WINNER_SF2');

INSERT INTO bet (id, description, matchId, stageId, type, lockTime) VALUES
  (1, 'Match 1 Result',1,'GROUP', 'MATCH', '2022-11-14 15:00:00+00'),
  (2, 'Match 2 Result',2,'GROUP', 'MATCH', '2022-11-15 12:00:00+00'),
  (3, 'Match 3 Result',3,'GROUP', 'MATCH', '2022-11-15 15:00:00+00'),
  (4, 'Match 4 Result',4,'GROUP', 'MATCH', '2022-11-15 18:00:00+00'),
  (5, 'Match 5 Result',5,'GROUP', 'MATCH', '2022-11-16 10:00:00+00'),
  (6, 'Match 6 Result',6,'GROUP', 'MATCH', '2022-11-16 13:00:00+00'),
  (7, 'Match 7 Result',7,'GROUP', 'MATCH', '2022-11-16 16:00:00+00'),
  (8, 'Match 8 Result',8,'GROUP', 'MATCH', '2022-11-16 19:00:00+00'),
  (9, 'Match 9 Result',9,'GROUP', 'MATCH', '2022-11-17 12:00:00+00'),
  (10, 'Match 10 Result',10,'GROUP', 'MATCH', '2022-11-17 15:00:00+00'),
  (11, 'Match 11 Result',11,'GROUP', 'MATCH', '2022-11-17 18:00:00+00'),
  (12, 'Match 12 Result',12,'GROUP', 'MATCH', '2022-11-18 12:00:00+00'),
  (13, 'Match 13 Result',13,'GROUP', 'MATCH', '2022-11-18 15:00:00+00'),
  (14, 'Match 14 Result',14,'GROUP', 'MATCH', '2022-11-18 18:00:00+00'),
  (15, 'Match 15 Result',15,'GROUP', 'MATCH', '2022-11-19 12:00:00+00'),
  (16, 'Match 16 Result',16,'GROUP', 'MATCH', '2022-11-19 15:00:00+00'),
  (17, 'Match 17 Result',17,'GROUP', 'MATCH', '2022-11-19 18:00:00+00'),
  (18, 'Match 18 Result',18,'GROUP', 'MATCH', '2022-11-20 12:00:00+00'),
  (19, 'Match 19 Result',19,'GROUP', 'MATCH', '2022-11-20 15:00:00+00'),
  (20, 'Match 20 Result',20,'GROUP', 'MATCH', '2022-11-20 18:00:00+00'),
  (21, 'Match 21 Result',21,'GROUP', 'MATCH', '2022-11-21 12:00:00+00'),
  (22, 'Match 22 Result',22,'GROUP', 'MATCH', '2022-11-21 15:00:00+00'),
  (23, 'Match 23 Result',23,'GROUP', 'MATCH', '2022-11-21 18:00:00+00'),
  (24, 'Match 24 Result',24,'GROUP', 'MATCH', '2022-11-22 12:00:00+00'),
  (25, 'Match 25 Result',25,'GROUP', 'MATCH', '2022-11-22 15:00:00+00'),
  (26, 'Match 26 Result',26,'GROUP', 'MATCH', '2022-11-22 18:00:00+00'),
  (27, 'Match 27 Result',27,'GROUP', 'MATCH', '2022-11-23 12:00:00+00'),
  (28, 'Match 28 Result',28,'GROUP', 'MATCH', '2022-11-23 15:00:00+00'),
  (29, 'Match 29 Result',29,'GROUP', 'MATCH', '2022-11-23 18:00:00+00'),
  (30, 'Match 30 Result',30,'GROUP', 'MATCH', '2022-11-24 12:00:00+00'),
  (31, 'Match 31 Result',31,'GROUP', 'MATCH', '2022-11-24 15:00:00+00'),
  (32, 'Match 32 Result',32,'GROUP', 'MATCH', '2022-11-24 18:00:00+00'),
  (33, 'Match 33 Result',33,'GROUP', 'MATCH', '2022-11-25 14:00:00+00'),
  (34, 'Match 34 Result',34,'GROUP', 'MATCH', '2022-11-25 14:00:00+00'),
  (35, 'Match 35 Result',35,'GROUP', 'MATCH', '2022-11-25 18:00:00+00'),
  (36, 'Match 36 Result',36,'GROUP', 'MATCH', '2022-11-25 18:00:00+00'),
  (37, 'Match 37 Result',37,'GROUP', 'MATCH', '2022-11-26 14:00:00+00'),
  (38, 'Match 38 Result',38,'GROUP', 'MATCH', '2022-11-26 14:00:00+00'),
  (39, 'Match 39 Result',39,'GROUP', 'MATCH', '2022-11-26 18:00:00+00'),
  (40, 'Match 40 Result',40,'GROUP', 'MATCH', '2022-11-26 18:00:00+00'),
  (41, 'Match 41 Result',41,'GROUP', 'MATCH', '2022-11-27 14:00:00+00'),
  (42, 'Match 42 Result',42,'GROUP', 'MATCH', '2022-11-27 14:00:00+00'),
  (43, 'Match 43 Result',43,'GROUP', 'MATCH', '2022-11-27 18:00:00+00'),
  (44, 'Match 44 Result',44,'GROUP', 'MATCH', '2022-11-27 18:00:00+00'),
  (45, 'Match 45 Result',45,'GROUP', 'MATCH', '2022-11-28 14:00:00+00'),
  (46, 'Match 46 Result',46,'GROUP', 'MATCH', '2022-11-28 14:00:00+00'),
  (47, 'Match 47 Result',47,'GROUP', 'MATCH', '2022-11-28 18:00:00+00'),
  (48, 'Match 48 Result',48,'GROUP', 'MATCH', '2022-11-28 18:00:00+00'),
  (49, 'ROS1 Match Result',49,'ROUND_OF_16', 'MATCH', '2022-11-30 14:00:00+00'),
  (50, 'ROS2 Match Result',50,'ROUND_OF_16', 'MATCH', '2022-11-30 18:00:00+00'),
  (51, 'ROS3 Match Result',51,'ROUND_OF_16', 'MATCH', '2022-12-01 14:00:00+00'),
  (52, 'ROS4 Match Result',52,'ROUND_OF_16', 'MATCH', '2022-12-01 18:00:00+00'),
  (53, 'ROS5 Match Result',53,'ROUND_OF_16', 'MATCH', '2022-12-02 14:00:00+00'),
  (54, 'ROS6 Match Result',54,'ROUND_OF_16', 'MATCH', '2022-12-02 18:00:00+00'),
  (55, 'ROS7 Match Result',55,'ROUND_OF_16', 'MATCH', '2022-12-03 14:00:00+00'),
  (56, 'ROS8 Match Result',56,'ROUND_OF_16', 'MATCH', '2022-12-03 18:00:00+00'),
  (57, 'QF1 Match Result',57,'QUARTER_FINAL', 'MATCH', '2022-12-06 14:00:00+00'),
  (58, 'QF2 Match Result',58,'QUARTER_FINAL', 'MATCH', '2022-12-06 18:00:00+00'),
  (59, 'QF3 Match Result',59,'QUARTER_FINAL', 'MATCH', '2022-12-07 14:00:00+00'),
  (60, 'QF4 Match Result',60,'QUARTER_FINAL', 'MATCH', '2022-12-07 18:00:00+00'),
  (61, 'SF1 Match Result',61,'SEMI_FINAL', 'MATCH', '2022-12-10 18:00:00+00'),
  (62, 'SF2 Match Result',62,'SEMI_FINAL', 'MATCH', '2022-12-11 18:00:00+00'),
  (63, 'Third Place Match Result',63,'THIRD_PLACE', 'MATCH', '2022-12-14 14:00:00+00'),
  (64, 'Final Match Result',64,'FINAL', 'MATCH', '2022-12-15 15:00:00+00');

-- lock time for qualifier bets is the beginning of the tournament
INSERT INTO bet (id, description, stageId, type, lockTime) VALUES
 (65, 'Number 1 Qualifier to Round Of 16','ROUND_OF_16', 'QUALIFIER', '2022-11-14 15:00:00+00'),
  (66, 'Number 2 Qualifier to Round Of 16','ROUND_OF_16', 'QUALIFIER', '2022-11-14 15:00:00+00'),
  (67, 'Number 3 Qualifier to Round Of 16','ROUND_OF_16', 'QUALIFIER', '2022-11-14 15:00:00+00'),
  (68, 'Number 4 Qualifier to Round Of 16','ROUND_OF_16', 'QUALIFIER', '2022-11-14 15:00:00+00'),
  (69, 'Number 5 Qualifier to Round Of 16','ROUND_OF_16', 'QUALIFIER', '2022-11-14 15:00:00+00'),
  (70, 'Number 6 Qualifier to Round Of 16','ROUND_OF_16', 'QUALIFIER', '2022-11-14 15:00:00+00'),
  (71, 'Number 7 Qualifier to Round Of 16','ROUND_OF_16', 'QUALIFIER', '2022-11-14 15:00:00+00'),
  (72, 'Number 8 Qualifier to Round Of 16','ROUND_OF_16', 'QUALIFIER', '2022-11-14 15:00:00+00'),
  (73, 'Number 9 Qualifier to Round Of 16','ROUND_OF_16', 'QUALIFIER', '2022-11-14 15:00:00+00'),
  (74, 'Number 10 Qualifier to Round Of 16','ROUND_OF_16', 'QUALIFIER', '2022-11-14 15:00:00+00'),
  (75, 'Number 11 Qualifier to Round Of 16','ROUND_OF_16', 'QUALIFIER', '2022-11-14 15:00:00+00'),
  (76, 'Number 12 Qualifier to Round Of 16','ROUND_OF_16', 'QUALIFIER', '2022-11-14 15:00:00+00'),
  (77, 'Number 13 Qualifier to Round Of 16','ROUND_OF_16', 'QUALIFIER', '2022-11-14 15:00:00+00'),
  (78, 'Number 14 Qualifier to Round Of 16','ROUND_OF_16', 'QUALIFIER', '2022-11-14 15:00:00+00'),
  (79, 'Number 15 Qualifier to Round Of 16','ROUND_OF_16', 'QUALIFIER', '2022-11-14 15:00:00+00'),
  (80, 'Number 16 Qualifier to Round Of 16','ROUND_OF_16', 'QUALIFIER', '2022-11-14 15:00:00+00'),
  (81, 'Number 1 Qualifier to Quarter final','QUARTER_FINAL', 'QUALIFIER', '2022-11-14 15:00:00+00'),
  (82, 'Number 2 Qualifier to Quarter final','QUARTER_FINAL', 'QUALIFIER', '2022-11-14 15:00:00+00'),
  (83, 'Number 3 Qualifier to Quarter final','QUARTER_FINAL', 'QUALIFIER', '2022-11-14 15:00:00+00'),
  (84, 'Number 4 Qualifier to Quarter final','QUARTER_FINAL', 'QUALIFIER', '2022-11-14 15:00:00+00'),
  (85, 'Number 5 Qualifier to Quarter final','QUARTER_FINAL', 'QUALIFIER', '2022-11-14 15:00:00+00'),
  (86, 'Number 6 Qualifier to Quarter final','QUARTER_FINAL', 'QUALIFIER', '2022-11-14 15:00:00+00'),
  (87, 'Number 7 Qualifier to Quarter final','QUARTER_FINAL', 'QUALIFIER', '2022-11-14 15:00:00+00'),
  (88, 'Number 8 Qualifier to Quarter final','QUARTER_FINAL', 'QUALIFIER', '2022-11-14 15:00:00+00'),
  (89, 'Number 1 Qualifier to Semi final','SEMI_FINAL', 'QUALIFIER', '2022-11-14 15:00:00+00'),
  (90, 'Number 2 Qualifier to Semi final','SEMI_FINAL', 'QUALIFIER', '2022-11-14 15:00:00+00'),
  (91, 'Number 3 Qualifier to Semi final','SEMI_FINAL', 'QUALIFIER', '2022-11-14 15:00:00+00'),
  (92, 'Number 4 Qualifier to Semi final','SEMI_FINAL', 'QUALIFIER', '2022-11-14 15:00:00+00'),
  (93, 'Number 1 Qualifier to Final','FINAL', 'QUALIFIER', '2022-11-14 15:00:00+00'),
  (94, 'Number 2 Qualifier to Final','FINAL', 'QUALIFIER', '2022-11-14 15:00:00+00'),
  (95, 'Third Place','THIRD_PLACE_WINNER', 'QUALIFIER', '2022-11-14 15:00:00+00'),
  (96, 'Winner','WINNER', 'QUALIFIER', '2022-11-14 15:00:00+00');

-- insert into account (id, password, email, providerId, displayName) values
--   (1,'saddsasaasadadad', 'ibadichi@gmail.com','googleplus', 'TestItay');
--
--
-- insert into user_bet(accountId, betId, homeTeam, awayTeam, homeTeamGoals, awayTeamGoals) values
-- (1, 1, 20, 10, 2, 1),
--   (1, 2, 1, 32, 1, 1),
--   (1, 3, 2, 7, 3, 0),
--   (1, 4, 19, 22, 1, 2),
--   (1, 5, 15, 6,  1, 3),
--   (1, 6, 28, 17,  0, 0),
--   (1, 7, 31, 13, 0, 1),
--   (1, 8, 12, 3, 1, 2),
--   (1, 9, 25, 21, 2, 0),
--   (1, 10, 16, 26, 1, 0),
--   (1, 11, 29, 24, 3, 2),
--   (1, 12, 23, 9, 1, 1),
--   (1, 13, 11, 27, 0, 0),
--   (1, 14, 5, 14, 0, 2),
--   (1, 15, 30, 8, 1, 2),
--   (1, 16, 18, 4, 2, 0),
--   (1, 17, 20, 1, 2, 2),
--   (1, 18, 19, 2, 3, 3),
--   (1, 19, 32, 10, 2, 1),
--   (1, 20, 7, 22, 3, 0),
--   (1, 21, 13, 6, 2, 0),
--   (1, 22, 15, 31, 0, 1),
--   (1, 23, 28, 12, 1, 2),
--   (1, 24, 29, 25, 2, 2),
--   (1, 25, 3, 17, 1, 1),
--   (1, 26, 21, 24, 0, 1),
--   (1, 27, 11, 5, 2, 1),
--   (1, 28, 9, 26, 2, 1),
--   (1, 29, 16, 23, 0, 0),
--   (1, 30, 14, 27, 2, 2),
--   (1, 31, 8, 4, 1, 3),
--   (1, 32, 18, 30, 0, 3),
--   (1, 33, 32, 20, 2, 0),
--   (1, 34, 10, 1, 1, 0),
--   (1, 35, 7, 19, 2, 1),
--   (1, 36, 22, 2,  2, 2),
--   (1, 37, 13, 15,  2, 4),
--   (1, 38, 6, 31, 1, 4),
--   (1, 39, 3, 28, 0, 0),
--   (1, 40, 17, 12, 2, 1),
--   (1, 41, 9, 16, 1, 0),
--   (1, 42, 26, 23, 1, 1),
--   (1, 43, 21, 29, 2, 0),
--   (1, 44, 24, 25, 1, 3),
--   (1, 45, 8, 18, 0, 3),
--   (1, 46, 4, 30, 2, 3),
--   (1, 47, 27, 5, 3, 3),
--   (1, 48, 14, 11, 2, 1);

-- INSERT INTO match_result (matchId, homeTeam, awayTeam, homeTeamGoals, awayTeamGoals) VALUES
--   (1, 20, 10, 2, 1),
--   (2, 1, 32, 1, 1),
--   (3, 2, 7, 3, 0),
--   (4, 19, 22, 1, 2),
--   (5, 15, 6,  1, 3),
--   (6, 28, 17,  0, 0),
--   (7, 31, 13, 0, 1),
--   (8, 12, 3, 1, 2),
--   (9, 25, 21, 2, 0),
--   (10, 16, 26, 1, 0),
--   (11, 29, 24, 3, 2),
--   (12, 23, 9, 1, 1),
--   (13, 11, 27, 0, 0),
--   (14, 5, 14, 0, 2),
--   (15, 30, 8, 1, 2),
--   (16, 18, 4, 2, 0),
--   (17, 20, 1, 2, 2),
--   (18, 19, 2, 3, 3),
--   (19, 32, 10, 2, 1),
--   (20, 7, 22, 3, 0),
--   (21, 13, 6, 2, 0),
--   (22, 15, 31, 0, 1),
--   (23, 28, 12, 1, 2),
--   (24, 29, 25, 2, 2),
--   (25, 3, 17, 1, 1),
--   (26, 21, 24, 0, 1),
--   (27, 11, 5, 2, 1),
--   (28, 9, 26, 2, 1),
--   (29, 16, 23, 0, 0),
--   (30, 14, 27, 2, 2),
--   (31, 8, 4, 1, 3),
--   (32, 18, 30, 0, 3),
--   (33, 32, 20, 2, 0),
--   (34, 10, 1, 1, 0),
--   (35, 7, 19, 2, 1),
--   (36, 22, 2,  2, 2),
--   (37, 13, 15,  2, 4),
--   (38, 6, 31, 1, 4),
--   (39, 3, 28, 0, 0),
--   (40, 17, 12, 2, 1),
--   (41, 9, 16, 1, 0),
--   (42, 26, 23, 1, 1),
--   (43, 21, 29, 2, 0),
--   (44, 24, 25, 1, 3),
--   (45, 8, 18, 0, 3),
--   (46, 4, 30, 2, 3),
--   (47, 27, 5, 3, 3),
--   (48, 14, 11, 2, 1);

